"age","estimate","ci_low","ci_high","ethnicity","measure","outcome"
"0-14",0.447012174007068,-0.927642602307219,1.74595442940536,"African","RII","poor GH"
"15-29",1.12658625140205,0.156461169832998,2.01229252120377,"African","RII","poor GH"
"30-44",1.10829314942252,0.62065914410649,1.56779342067215,"African","RII","poor GH"
"45-59",0.475843395398344,-0.202318724676917,1.12333018119041,"African","RII","poor GH"
"60-74",1.45994971651964,0.590175873556224,2.2832964559048,"African","RII","poor GH"
"75",0.0706748375898604,-1.57207277335867,1.63481963480282,"African","RII","poor GH"
"0-64",0.512793308453377,0.0221176570798298,1.02989615970692,"African","RII","poor GH"
"all",0.911727089427344,0.111760298626944,1.67200932471145,"African","RII","poor GH"
"0-14",0.807681473386747,-1.0675367148548,2.52776259845308,"Indian","RII","poor GH"
"15-29",0.408303061292359,-0.537577252547139,1.35756995910345,"Indian","RII","poor GH"
"30-44",0.807966824772578,0.111964978542979,1.45637696776666,"Indian","RII","poor GH"
"45-59",1.68722357186534,1.18250011575793,2.18875821761472,"Indian","RII","poor GH"
"60-74",0.982096111702542,0.426970312493654,1.50431318662961,"Indian","RII","poor GH"
"75",-0.135681718955639,-0.775375218058217,0.58713430341702,"Indian","RII","poor GH"
"0-64",1.37637694187218,0.991203966661438,1.75516673195731,"Indian","RII","poor GH"
"all",0.726465461864392,0.434761456948219,1.03913948521296,"Indian","RII","poor GH"
"0-14",1.85196978858962,0.845263005670293,2.89394031335769,"Other Asian","RII","poor GH"
"15-29",0.643659382021613,-0.444104581875182,1.70224177014508,"Other Asian","RII","poor GH"
"30-44",1.9728086419612,1.44002310423629,2.49604102016543,"Other Asian","RII","poor GH"
"45-59",0.89520431872328,0.349239099372828,1.48361557425584,"Other Asian","RII","poor GH"
"60-74",0.694611604461424,-0.0360132477707428,1.37708152404066,"Other Asian","RII","poor GH"
"75",1.05898530098469,-0.203781592359913,2.25900920293281,"Other Asian","RII","poor GH"
"0-64",1.0541269250243,0.675384092670515,1.45545481969325,"Other Asian","RII","poor GH"
"all",0.965895553043463,0.425987405416856,1.48608283028668,"Other Asian","RII","poor GH"
"0-14",0.180823083106498,-0.527020691623317,0.967980465217829,"Pakistani","RII","poor GH"
"15-29",0.683455737748741,0.153976650116676,1.25198363807004,"Pakistani","RII","poor GH"
"30-44",1.23932947594593,0.911222734241892,1.54525513753611,"Pakistani","RII","poor GH"
"45-59",1.10324129620013,0.854034639251947,1.35420255605916,"Pakistani","RII","poor GH"
"60-74",0.645756445761592,0.343201132367792,0.94660546766148,"Pakistani","RII","poor GH"
"75",-0.0940713625855678,-0.562570183461534,0.374905878430511,"Pakistani","RII","poor GH"
"0-64",1.16608358924653,0.950126780215576,1.3642897929937,"Pakistani","RII","poor GH"
"all",0.610034788345994,0.415384257038046,0.782062056103408,"Pakistani","RII","poor GH"
"0-14",0.966110778838497,0.427904066888899,1.4964856993173,"Asian (total)","RII","poor GH"
"15-29",0.843932581041498,0.437498884771848,1.2719756536137,"Asian (total)","RII","poor GH"
"30-44",1.45669724179384,1.20552409155803,1.71295722220328,"Asian (total)","RII","poor GH"
"45-59",1.22504856706059,1.02628731801799,1.40965094076102,"Asian (total)","RII","poor GH"
"60-74",0.698647635286074,0.474190795094777,0.929271531510686,"Asian (total)","RII","poor GH"
"75",0.0424156701389414,-0.263512615952488,0.337712122293282,"Asian (total)","RII","poor GH"
"0-64",1.25504541722963,1.08097028995584,1.4025713571344,"Asian (total)","RII","poor GH"
"all",0.671882074802262,0.539683217116571,0.817621905205653,"Asian (total)","RII","poor GH"
"0-14",3.24125759883241,2.50413442180541,3.93243608615777,"White Irish","RII","poor GH"
"15-29",1.73300312052663,0.75070732625614,2.66102899564973,"White Irish","RII","poor GH"
"30-44",2.34223720900007,1.95758495661397,2.713464811365,"White Irish","RII","poor GH"
"45-59",2.13692949337403,1.9027438907955,2.37844395442906,"White Irish","RII","poor GH"
"60-74",1.31853621681641,1.1186503708152,1.50193351160178,"White Irish","RII","poor GH"
"75",0.700993691942396,0.466085239643225,0.903835888951374,"White Irish","RII","poor GH"
"0-64",1.98329878903871,1.81614614853313,2.14167081664662,"White Irish","RII","poor GH"
"all",1.45436876880131,1.33242153318736,1.56776239440127,"White Irish","RII","poor GH"
"0-14",2.68256378376309,1.88982762836024,3.4608270498149,"White British","RII","poor GH"
"15-29",1.45957901116101,1.20908342723571,1.71541115007958,"White British","RII","poor GH"
"30-44",2.31133544480741,2.16605823868339,2.46344488444362,"White British","RII","poor GH"
"45-59",2.21371249074775,2.11007508180929,2.31411667297389,"White British","RII","poor GH"
"60-74",1.77274535159465,1.66096789671765,1.87681356609526,"White British","RII","poor GH"
"75",0.847338658099174,0.736583680055491,0.971418076980527,"White British","RII","poor GH"
"0-64",2.18639961414103,2.11171690087051,2.25577540187453,"White British","RII","poor GH"
"all",1.71163534299338,1.65142289156844,1.76926999473444,"White British","RII","poor GH"
"0-14",2.04027219613459,-0.71142599701854,2.04027219613459,"Caribbean","RII","poor GH"
"15-29",0.735168594197717,-0.577627349973116,1.98395544662898,"Caribbean","RII","poor GH"
"30-44",1.38585674428809,0.574897297732054,2.14042551823927,"Caribbean","RII","poor GH"
"45-59",1.19391912517364,0.21502089595552,2.13515095222684,"Caribbean","RII","poor GH"
"60-74",1.31542256311664,0.0920374031755191,2.49561427339312,"Caribbean","RII","poor GH"
"75",0.851649652798677,-0.555018108778203,2.20000170247992,"Caribbean","RII","poor GH"
"0-64",1.2003789338822,0.47930807937671,1.86895691319081,"Caribbean","RII","poor GH"
"all",1.27615290342311,0.605083392984036,1.87613637917208,"Caribbean","RII","poor GH"
"0-14",0.218659004132564,-0.744535893604954,1.23335847517789,"Other White","RII","poor GH"
"15-29",1.48817617658991,1.00101940082718,1.97894787094816,"Other White","RII","poor GH"
"30-44",1.90013433520148,1.57291554879666,2.18874793504849,"Other White","RII","poor GH"
"45-59",1.85413940267634,1.608867778865,2.09895665316059,"Other White","RII","poor GH"
"60-74",1.74443976163152,1.44231029867086,2.04503362982936,"Other White","RII","poor GH"
"75",0.697003211402439,0.378573953605503,1.02747518035684,"Other White","RII","poor GH"
"0-64",1.78485144838788,1.60105863945356,1.96125316982836,"Other White","RII","poor GH"
"all",1.42018894587249,1.26140691304457,1.5938788935357,"Other White","RII","poor GH"
"0-14",0.0426410168322399,-0.696082797495329,0.684483626167212,"White Polish","RII","poor GH"
"15-29",0.139473192528627,-0.784124644885762,1.02377874436637,"White Polish","RII","poor GH"
"30-44",0.638249120735371,0.0865883953822574,1.15655347811861,"White Polish","RII","poor GH"
"45-59",0.716804176788274,0.302995706851051,1.13672080436303,"White Polish","RII","poor GH"
"60-74",1.35407803646964,0.486603517196612,2.16469695077019,"White Polish","RII","poor GH"
"75",-0.0574633358263448,-0.792167278440226,0.723450922696213,"White Polish","RII","poor GH"
"0-64",0.633685441050442,0.290656630536121,0.943540375312438,"White Polish","RII","poor GH"
"all",0.540975843567756,0.119953958294388,0.958120782267851,"White Polish","RII","poor GH"
"0-14",1.2986941411687,1.16908065398508,1.40572297456195,"White Scottish","RII","poor GH"
"15-29",1.248919900366,1.18248619781072,1.3169515887444,"White Scottish","RII","poor GH"
"30-44",1.97860960795998,1.94430992044199,2.01178020060188,"White Scottish","RII","poor GH"
"45-59",2.04519307777376,2.0232366259571,2.06758632447456,"White Scottish","RII","poor GH"
"60-74",1.6761733880423,1.65421200908086,1.69869620283743,"White Scottish","RII","poor GH"
"75",0.933962447127615,0.907997713614426,0.961429156399756,"White Scottish","RII","poor GH"
"0-64",1.95177804267441,1.93511696169509,1.96861711775244,"White Scottish","RII","poor GH"
"all",1.63460406136211,1.62208652902802,1.64811657808231,"White Scottish","RII","poor GH"
"0-14",1.33020343977217,1.22417251357852,1.44059417876737,"White (total)","RII","poor GH"
"15-29",1.28454190041395,1.22355866905061,1.34802925398514,"White (total)","RII","poor GH"
"30-44",2.0202431665442,1.98767310493134,2.05266742958502,"White (total)","RII","poor GH"
"45-59",2.07621183750169,2.05251898452037,2.09770833322334,"White (total)","RII","poor GH"
"60-74",1.70610286987661,1.68273357395923,1.72651110292993,"White (total)","RII","poor GH"
"75",0.927570933187931,0.901522061935281,0.953100073389815,"White (total)","RII","poor GH"
"0-64",1.99097853934828,1.97457802840406,2.00655415898993,"White (total)","RII","poor GH"
"all",1.65395927344581,1.64170504103675,1.66619819328683,"White (total)","RII","poor GH"
"0-14",3.56398565425195,2.48301932172777,4.35900785036131,"Chinese","RII","poor GH"
"15-29",1.55028595602047,0.618931398876087,2.57223508722391,"Chinese","RII","poor GH"
"30-44",2.27226126516497,1.58732745960945,2.87312723025654,"Chinese","RII","poor GH"
"45-59",1.05205898902726,0.495366803458301,1.63034744446034,"Chinese","RII","poor GH"
"60-74",0.562234088823583,-0.0415134540030776,1.14492111035586,"Chinese","RII","poor GH"
"75",0.0801792144317125,-0.600239035002745,0.749390103609646,"Chinese","RII","poor GH"
"0-64",1.37820080484547,0.934414589884352,1.84100091781514,"Chinese","RII","poor GH"
"all",0.630835043488998,0.271240887454241,1.00546860457814,"Chinese","RII","poor GH"
"0-14",1.54700927216539,0.351597175616242,2.83207175454318,"Mixed","RII","poor GH"
"15-29",0.612046959385505,-0.427635073803333,1.81061797213063,"Mixed","RII","poor GH"
"30-44",1.29600658663746,0.705316422876289,1.95269668905715,"Mixed","RII","poor GH"
"45-59",1.54285943390448,0.796583365569107,2.21597148640642,"Mixed","RII","poor GH"
"60-74",1.28868048240571,0.573666958404244,2.03995795539003,"Mixed","RII","poor GH"
"75",-0.227212436639786,-1.65095363182298,1.17911906988381,"Mixed","RII","poor GH"
"0-64",1.49832825422645,1.04764519680283,1.93817821516429,"Mixed","RII","poor GH"
"all",1.00403514278823,0.597378879366933,1.45220636792,"Mixed","RII","poor GH"
"0-14",0.50651875465842,-0.718354547199821,1.74496860472344,"Other","RII","poor GH"
"15-29",1.5540185353106,0.3356058626871,2.65547997439803,"Other","RII","poor GH"
"30-44",1.45198587801543,0.815000032443151,2.02932802145651,"Other","RII","poor GH"
"45-59",1.83546561263416,1.31261229511152,2.38968834620483,"Other","RII","poor GH"
"60-74",1.92648778837099,1.07764029772048,2.71177333365199,"Other","RII","poor GH"
"75",-0.112951168106688,-1.18643343158675,1.08636066282125,"Other","RII","poor GH"
"0-64",1.77958465361546,1.41493792351441,2.15913405366859,"Other","RII","poor GH"
"all",1.23638770452383,0.800243897407296,1.69744534884809,"Other","RII","poor GH"
"0-14",2.53776295879181,-5.54832632427664,10.1447125124386,"African","SII","poor GH"
"15-29",5.6626095597154,0.830410647925302,10.1896097138253,"African","SII","poor GH"
"30-44",21.1053958716496,11.2665660237771,30.2242522435602,"African","SII","poor GH"
"45-59",28.3574881644535,-10.4625527912001,68.2768131401109,"African","SII","poor GH"
"60-74",171.704395904519,72.8571085637086,265.054857086392,"African","SII","poor GH"
"75",16.1822941624403,-322.045812511253,398.684068574422,"African","SII","poor GH"
"0-64",14.3055591647485,1.7455051233546,28.1333694390533,"African","SII","poor GH"
"all",52.8084788205397,10.0672627251208,98.6609258076509,"African","SII","poor GH"
"0-14",3.12499108216865,-4.14464126521158,9.60143973098554,"Indian","SII","poor GH"
"15-29",1.75285436031728,-2.23945603692588,5.57857421340677,"Indian","SII","poor GH"
"30-44",12.6678363638471,2.68036605457348,22.9066381862059,"Indian","SII","poor GH"
"45-59",119.445792456504,83.9945776112739,153.731510976561,"Indian","SII","poor GH"
"60-74",116.505361180001,56.0212331632917,180.626694076021,"Indian","SII","poor GH"
"75",-28.3590109348574,-160.228154603839,105.115826598563,"Indian","SII","poor GH"
"0-64",39.3993896769021,28.7725682444159,50.785942722204,"Indian","SII","poor GH"
"all",41.7587862609811,23.3378232888825,59.6694423948136,"Indian","SII","poor GH"
"0-14",11.6093138366517,5.09662488321896,18.1222067450188,"Other Asian","SII","poor GH"
"15-29",3.50284045013305,-1.88442104426279,9.52359123388461,"Other Asian","SII","poor GH"
"30-44",38.1650075488286,27.0959804986996,49.0528383942737,"Other Asian","SII","poor GH"
"45-59",55.1827411500533,19.9979125040929,88.9138294801734,"Other Asian","SII","poor GH"
"60-74",96.6511270816327,-1.04835781001861,201.976838346539,"Other Asian","SII","poor GH"
"75",203.968093630097,-20.620453907079,436.778279029072,"Other Asian","SII","poor GH"
"0-64",32.276744450878,19.3945189879214,43.9633217719145,"Other Asian","SII","poor GH"
"all",56.8442409680733,27.3162383150013,86.7117811505651,"Other Asian","SII","poor GH"
"0-14",1.34263088953823,-3.96705203639983,6.75468117895328,"Pakistani","SII","poor GH"
"15-29",7.77083276847361,2.13356099173838,13.6337643450005,"Pakistani","SII","poor GH"
"30-44",51.4769323079803,38.4390962005965,63.9519958214616,"Pakistani","SII","poor GH"
"45-59",144.550766030814,110.629502449279,176.652530403408,"Pakistani","SII","poor GH"
"60-74",149.884903372787,78.0598019194021,214.463790576345,"Pakistani","SII","poor GH"
"75",-29.5983460894257,-176.828826730098,124.030608929292,"Pakistani","SII","poor GH"
"0-64",76.3236970214134,62.7657196053511,88.7789787481573,"Pakistani","SII","poor GH"
"all",64.1558915275112,44.9831093378849,83.7625066851429,"Pakistani","SII","poor GH"
"0-14",5.80319570689182,2.48568655216457,9.18397543927926,"Asian (total)","SII","poor GH"
"15-29",5.38787937702674,3.05936945841758,7.97245045914677,"Asian (total)","SII","poor GH"
"30-44",36.2421343787117,30.4032592146243,42.4097596562033,"Asian (total)","SII","poor GH"
"45-59",103.151137005363,85.8381325994704,118.837820762861,"Asian (total)","SII","poor GH"
"60-74",112.592358430194,78.720626593034,148.280145672911,"Asian (total)","SII","poor GH"
"75",10.4391008038573,-71.1917024153873,83.5709474889813,"Asian (total)","SII","poor GH"
"0-64",50.1660645655731,43.6604885587834,56.0893853257549,"Asian (total)","SII","poor GH"
"all",49.1691912217271,39.4765476450023,58.8246804777265,"Asian (total)","SII","poor GH"
"0-14",12.3033255656382,9.5053170296281,14.9614224125389,"White Irish","SII","poor GH"
"15-29",11.1378964442092,5.30092889056822,17.2074797837952,"White Irish","SII","poor GH"
"30-44",59.2429222844317,49.3760013755547,69.2726408928246,"White Irish","SII","poor GH"
"45-59",153.123115520393,135.80633881985,168.913028124567,"White Irish","SII","poor GH"
"60-74",154.927188367529,133.107141483129,176.526421777468,"White Irish","SII","poor GH"
"75",135.585776690959,94.0918648028306,180.111946604846,"White Irish","SII","poor GH"
"0-64",68.9988937682474,63.4251239379325,74.9498360696697,"White Irish","SII","poor GH"
"all",84.9376563605089,78.6406889844905,91.2589917367139,"White Irish","SII","poor GH"
"0-14",7.30709930174688,5.27515839679567,9.21094905845345,"White British","SII","poor GH"
"15-29",14.1899164091627,11.4512686308283,16.7984034407239,"White British","SII","poor GH"
"30-44",59.5394101309051,55.6784145515557,63.6860526576945,"White British","SII","poor GH"
"45-59",119.581003567318,113.695158773958,125.197930357339,"White British","SII","poor GH"
"60-74",138.434195444397,130.93899511624,146.659917938653,"White British","SII","poor GH"
"75",121.599416360071,104.282636128617,138.330904133558,"White British","SII","poor GH"
"0-64",61.8248502714913,59.6290742100988,64.1424002634994,"White British","SII","poor GH"
"all",75.8121531622931,73.2777265486134,78.4092582229623,"White British","SII","poor GH"
"0-14",2.9925281577628,-0.0961722806828891,2.9925281577628,"Caribbean","SII","poor GH"
"15-29",10.8970233192146,-9.22284138476267,29.7050775191029,"Caribbean","SII","poor GH"
"30-44",48.9261132866556,21.4951381840553,75.1448472349489,"Caribbean","SII","poor GH"
"45-59",80.4013097653419,15.8430374981797,149.487150306225,"Caribbean","SII","poor GH"
"60-74",146.189755106612,-3.43343311938085,290.415739884908,"Caribbean","SII","poor GH"
"75",165.814260330442,-114.906190798764,410.008138133995,"Caribbean","SII","poor GH"
"0-64",45.47869338251,19.0540123424631,70.8698931259071,"Caribbean","SII","poor GH"
"all",76.2261323363863,33.5326618024835,114.093366230732,"Caribbean","SII","poor GH"
"0-14",0.860457625233188,-2.8799188179544,4.62775959012577,"Other White","SII","poor GH"
"15-29",9.32616994783778,6.47205366277243,12.2164010071151,"Other White","SII","poor GH"
"30-44",35.7828412057989,29.9455857005371,41.5473321764526,"Other White","SII","poor GH"
"45-59",111.484007920602,96.5965883126887,125.509524126994,"Other White","SII","poor GH"
"60-74",166.861504222669,140.108886051349,193.859165022646,"Other White","SII","poor GH"
"75",120.68042881142,60.7429396433164,178.372285542753,"Other White","SII","poor GH"
"0-64",50.8097676494218,45.4126353376881,56.1345178094106,"Other White","SII","poor GH"
"all",69.9847148140241,61.9340424642594,77.7654879367752,"Other White","SII","poor GH"
"0-14",0.249625627134398,-4.04152975164979,4.51843726224059,"White Polish","SII","poor GH"
"15-29",0.704206097828862,-4.48803737630656,5.2262674771719,"White Polish","SII","poor GH"
"30-44",10.0367974055152,1.38181441900148,18.1384985150627,"White Polish","SII","poor GH"
"45-59",35.690033741217,13.4032710280379,57.6496409163941,"White Polish","SII","poor GH"
"60-74",134.844568269701,49.3480671383431,217.7893704031,"White Polish","SII","poor GH"
"75",-13.9634609227653,-201.03394296469,163.51717549007,"White Polish","SII","poor GH"
"0-64",17.3040719698372,7.8628352518894,26.6652553998482,"White Polish","SII","poor GH"
"all",28.970440160609,6.63180841856825,51.3349236054098,"White Polish","SII","poor GH"
"0-14",5.50419982917789,5.0290395128467,6.03645784238411,"White Scottish","SII","poor GH"
"15-29",15.3196023913366,14.4831704408585,16.1100578216038,"White Scottish","SII","poor GH"
"30-44",76.5417689986606,75.2258315752776,77.9852597839682,"White Scottish","SII","poor GH"
"45-59",166.01990209234,164.214553045848,167.770481330329,"White Scottish","SII","poor GH"
"60-74",191.699657250414,189.211422700415,194.353498392935,"White Scottish","SII","poor GH"
"75",153.544611292043,148.59191889519,158.361675264639,"White Scottish","SII","poor GH"
"0-64",82.2988339506282,81.6412817188901,83.0096341268386,"White Scottish","SII","poor GH"
"all",99.8135345015641,99.0526227261362,100.634416516199,"White Scottish","SII","poor GH"
"0-14",5.58556370022992,5.10883921935368,6.03127064384479,"White (total)","SII","poor GH"
"15-29",14.6858002215395,13.9426647569086,15.4601072367583,"White (total)","SII","poor GH"
"30-44",73.203810278629,72.0779821921873,74.3465902396462,"White (total)","SII","poor GH"
"45-59",162.156473252157,160.501171709116,163.841002975284,"White (total)","SII","poor GH"
"60-74",189.088071595266,186.755102017091,191.495533122777,"White (total)","SII","poor GH"
"75",151.542909011289,147.005933936599,156.072544332834,"White (total)","SII","poor GH"
"0-64",80.1616228443824,79.5214320314107,80.7775117209323,"White (total)","SII","poor GH"
"all",97.7532388296944,97.0345830766299,98.4475107018787,"White (total)","SII","poor GH"
"0-14",15.9601645836004,10.774637006015,19.5204160347764,"Chinese","SII","poor GH"
"15-29",6.31545062268248,2.45351417936917,10.0127221292169,"Chinese","SII","poor GH"
"30-44",31.9403325994752,22.8660119565318,40.4528829289114,"Chinese","SII","poor GH"
"45-59",42.278244953887,19.7908256164017,65.059003782592,"Chinese","SII","poor GH"
"60-74",60.952100450293,-7.13222036194576,125.136753961123,"Chinese","SII","poor GH"
"75",15.6139391177872,-119.06223043676,156.182561137083,"Chinese","SII","poor GH"
"0-64",29.0380143882462,19.7404811307211,38.0496828277773,"Chinese","SII","poor GH"
"all",30.2569608268804,13.3599514369047,46.9402268288239,"Chinese","SII","poor GH"
"0-14",4.56968609784084,0.933834789021646,8.17549996926508,"Mixed","SII","poor GH"
"15-29",4.77463208644508,-3.67462958422504,12.8015530651853,"Mixed","SII","poor GH"
"30-44",54.1380490552235,25.6155251424684,81.8810268096488,"Mixed","SII","poor GH"
"45-59",121.641670645696,64.8846126876888,176.236102807328,"Mixed","SII","poor GH"
"60-74",219.351634063569,94.3897327627601,349.705651604751,"Mixed","SII","poor GH"
"75",-35.0826902888494,-250.833675728817,166.117638088286,"Mixed","SII","poor GH"
"0-64",67.2798795597613,48.7883704321238,90.3834505941094,"Mixed","SII","poor GH"
"all",68.8221766069667,36.5901837493468,100.491275290543,"Mixed","SII","poor GH"
"0-14",4.74220989608308,-7.54402275788051,16.9156036883179,"Other","SII","poor GH"
"15-29",14.0250276877559,2.47952959129884,24.0762598074495,"Other","SII","poor GH"
"30-44",43.8227175974539,23.7680338691,62.3859577292969,"Other","SII","poor GH"
"45-59",149.208311992207,104.688843377874,196.19065591572,"Other","SII","poor GH"
"60-74",238.528543575701,129.124681704129,338.349607289327,"Other","SII","poor GH"
"75",-25.5789863957898,-276.095104765086,232.090335177034,"Other","SII","poor GH"
"0-64",75.3882522502474,59.1143474329632,91.1811595073838,"Other","SII","poor GH"
"all",82.5168753873712,52.3635930601694,112.633462805153,"Other","SII","poor GH"
"0-14",0.52883153085332,0.0615508223903062,1.02258020389667,"African","RII","LLTI"
"15-29",0.186597357994321,-0.324301715581066,0.63141198949247,"African","RII","LLTI"
"30-44",0.838853425047884,0.570082728934139,1.11772955399862,"African","RII","LLTI"
"45-59",0.558546794193918,0.113290969030852,0.990805232504634,"African","RII","LLTI"
"60-74",0.778367221976038,0.234823932256775,1.30801776137387,"African","RII","LLTI"
"75",0.340564873449556,-0.487113914117835,1.2170503625438,"African","RII","LLTI"
"0-64",0.695639576368078,0.421004251282305,0.969887737159059,"African","RII","LLTI"
"all",0.581914664780003,0.19918795105655,0.96388323589404,"African","RII","LLTI"
"0-14",0.333717530309691,-0.233625744927386,0.947265590043754,"Indian","RII","LLTI"
"15-29",-0.0727361961828694,-0.557432382550052,0.374680116075809,"Indian","RII","LLTI"
"30-44",0.259266697081949,-0.0869448506177041,0.588195359815633,"Indian","RII","LLTI"
"45-59",0.999001155766518,0.721553881492798,1.28466716985011,"Indian","RII","LLTI"
"60-74",0.514063717505538,0.217393570548849,0.805959265629828,"Indian","RII","LLTI"
"75",0.160578592142734,-0.223432885648795,0.537805342960925,"Indian","RII","LLTI"
"0-64",0.677347561088107,0.497086477056208,0.888050966449315,"Indian","RII","LLTI"
"all",0.441910516574897,0.261331592256425,0.61436639047282,"Indian","RII","LLTI"
"0-14",0.533311639299186,-0.028958167681998,1.10987544325483,"Other Asian","RII","LLTI"
"15-29",0.325640428780773,-0.0878511715754806,0.773014561219476,"Other Asian","RII","LLTI"
"30-44",0.985324019750671,0.634770613875533,1.30650994235468,"Other Asian","RII","LLTI"
"45-59",0.875634876451292,0.527115788518345,1.21617142017457,"Other Asian","RII","LLTI"
"60-74",0.54461804784815,0.0772044976454759,1.01866036810172,"Other Asian","RII","LLTI"
"75",-0.0268750855401006,-0.713487021229163,0.696738322742091,"Other Asian","RII","LLTI"
"0-64",0.621953728848597,0.398664819331416,0.847621521698053,"Other Asian","RII","LLTI"
"all",0.454530531210218,0.163212919081675,0.732224560209484,"Other Asian","RII","LLTI"
"0-14",0.166626731401262,-0.108837926039759,0.445200163092234,"Pakistani","RII","LLTI"
"15-29",0.229781252488357,-0.00400748056335301,0.469638001022136,"Pakistani","RII","LLTI"
"30-44",0.63114607589239,0.460260595949453,0.808851926978517,"Pakistani","RII","LLTI"
"45-59",0.650735453479425,0.49066424771275,0.814060793911591,"Pakistani","RII","LLTI"
"60-74",0.225298534167815,0.0445948247580141,0.417501243282921,"Pakistani","RII","LLTI"
"75",-0.169106451703213,-0.467771225315475,0.122355740855213,"Pakistani","RII","LLTI"
"0-64",0.541954490599397,0.435177689786567,0.654974066172581,"Pakistani","RII","LLTI"
"all",0.276539134608716,0.171943557010994,0.381111301051844,"Pakistani","RII","LLTI"
"0-14",0.300962744651486,0.0829558348309542,0.530149915114915,"Asian (total)","RII","LLTI"
"15-29",0.292289986688719,0.115505525123903,0.459734662739012,"Asian (total)","RII","LLTI"
"30-44",0.720531064204155,0.585139921034714,0.854822964502967,"Asian (total)","RII","LLTI"
"45-59",0.749677231891583,0.633518614962235,0.870755080524927,"Asian (total)","RII","LLTI"
"60-74",0.358270859193488,0.21235946781978,0.483829471729966,"Asian (total)","RII","LLTI"
"75",0.0250805510439859,-0.156774867527725,0.211111224240555,"Asian (total)","RII","LLTI"
"0-64",0.613153555030391,0.523551534921723,0.695800967505323,"Asian (total)","RII","LLTI"
"all",0.363908874118136,0.290457918966,0.443270431899557,"Asian (total)","RII","LLTI"
"0-14",0.664998921526336,0.0904635363063752,1.25848008185213,"White Irish","RII","LLTI"
"15-29",1.21270672116674,0.869380373804098,1.52807361043228,"White Irish","RII","LLTI"
"30-44",1.76233645048946,1.54426847253372,1.97315464202522,"White Irish","RII","LLTI"
"45-59",1.44869705472564,1.289650247849,1.5947565370459,"White Irish","RII","LLTI"
"60-74",0.791777735333714,0.680864270699915,0.902262834583207,"White Irish","RII","LLTI"
"75",0.229104704426565,0.113025218935846,0.346539901196375,"White Irish","RII","LLTI"
"0-64",1.30966674467978,1.20483082950097,1.41202670101749,"White Irish","RII","LLTI"
"all",0.837963351125907,0.768999240429019,0.900525935384329,"White Irish","RII","LLTI"
"0-14",1.14801097929996,0.983789611134304,1.32240307426704,"White British","RII","LLTI"
"15-29",0.879444332793664,0.779073150993115,0.982705063715247,"White British","RII","LLTI"
"30-44",1.60966112550633,1.53091529502643,1.69631045110306,"White British","RII","LLTI"
"45-59",1.30360340490197,1.24533398998948,1.36117885372348,"White British","RII","LLTI"
"60-74",0.824480677509808,0.774879843665175,0.873798441859094,"White British","RII","LLTI"
"75",0.22892554690041,0.180964388687682,0.276840095210176,"White British","RII","LLTI"
"0-64",1.26815835962603,1.22881445631758,1.30843302664947,"White British","RII","LLTI"
"all",0.834970285062545,0.807095469019769,0.862870189698188,"White British","RII","LLTI"
"0-14",0.286608485385609,-0.77261231529141,1.26708202715113,"Caribbean","RII","LLTI"
"15-29",0.608378965953369,0.0144751786693369,1.15238666214685,"Caribbean","RII","LLTI"
"30-44",0.908020758617161,0.404958059724894,1.35155541967038,"Caribbean","RII","LLTI"
"45-59",0.636029974756712,0.0770749682886099,1.17022389812323,"Caribbean","RII","LLTI"
"60-74",0.115043447146468,-0.654262488899976,0.79912087207495,"Caribbean","RII","LLTI"
"75",0.308342563487702,-0.638911312214683,1.25717775608204,"Caribbean","RII","LLTI"
"0-64",0.640537454567404,0.304036479896428,0.993052554296452,"Caribbean","RII","LLTI"
"all",0.451010611501315,0.0693238724542305,0.834323358327305,"Caribbean","RII","LLTI"
"0-14",0.369178791865765,0.00850268329242957,0.754221201256367,"Other White","RII","LLTI"
"15-29",0.522755968827547,0.306192538579729,0.73382869017949,"Other White","RII","LLTI"
"30-44",1.16770140650313,1.01443773619108,1.32278902068015,"Other White","RII","LLTI"
"45-59",1.02109905783736,0.860394999119607,1.16875260814179,"Other White","RII","LLTI"
"60-74",0.868690193445565,0.710301863837025,1.0291042093852,"Other White","RII","LLTI"
"75",0.223981309201513,0.050334008679779,0.404116568219646,"Other White","RII","LLTI"
"0-64",0.968585164011168,0.866670109390262,1.0751183367237,"Other White","RII","LLTI"
"all",0.675820421003325,0.591507411279487,0.761773426183709,"Other White","RII","LLTI"
"0-14",-0.115484866211839,-0.580926718089258,0.345022665123733,"White Polish","RII","LLTI"
"15-29",-0.392450807021933,-0.80985693388607,0.00905468945406935,"White Polish","RII","LLTI"
"30-44",0.0418015264996093,-0.249267396272692,0.336039468624975,"White Polish","RII","LLTI"
"45-59",0.41905590183102,0.121944685526725,0.690976364849976,"White Polish","RII","LLTI"
"60-74",0.312266448630877,-0.16245076951012,0.767780023925168,"White Polish","RII","LLTI"
"75",-0.0746039930146787,-0.482762928747921,0.35615789611361,"White Polish","RII","LLTI"
"0-64",0.284953664690434,0.101571429806572,0.47428571835052,"White Polish","RII","LLTI"
"all",0.0654672167001777,-0.167649899136122,0.308367313380907,"White Polish","RII","LLTI"
"0-14",0.895597237461404,0.857987240082174,0.930139587691133,"White Scottish","RII","LLTI"
"15-29",0.761468500048688,0.731914182290338,0.789709834105124,"White Scottish","RII","LLTI"
"30-44",1.39136498440093,1.37135683052757,1.41149321218078,"White Scottish","RII","LLTI"
"45-59",1.34156388209862,1.32697182228067,1.35599969098308,"White Scottish","RII","LLTI"
"60-74",0.882273157926303,0.869356514573817,0.895229387580637,"White Scottish","RII","LLTI"
"75",0.274857242222522,0.260946904793927,0.28778262454556,"White Scottish","RII","LLTI"
"0-64",1.21983704379354,1.20933920756435,1.22959313718562,"White Scottish","RII","LLTI"
"all",0.862545121791093,0.855483143594583,0.869495354043847,"White Scottish","RII","LLTI"
"0-14",0.880537949545018,0.847218455679977,0.9144439587834,"White (total)","RII","LLTI"
"15-29",0.774299649672033,0.749039893774579,0.800918140769998,"White (total)","RII","LLTI"
"30-44",1.41145877708683,1.39278581503106,1.43132691484769,"White (total)","RII","LLTI"
"45-59",1.34650121902877,1.3326083029059,1.36231652922958,"White (total)","RII","LLTI"
"60-74",0.890658648533981,0.877650162274471,0.903241726811731,"White (total)","RII","LLTI"
"75",0.271774756039314,0.258995073964487,0.285949300078907,"White (total)","RII","LLTI"
"0-64",1.22977627629702,1.22098709089635,1.23926511181468,"White (total)","RII","LLTI"
"all",0.863357105123649,0.856549244086767,0.870685925863461,"White (total)","RII","LLTI"
"0-14",0.734311371871671,-0.187417925235436,1.61101140691739,"Chinese","RII","LLTI"
"15-29",0.684031985333567,0.190991506436899,1.10674856693895,"Chinese","RII","LLTI"
"30-44",1.0495203288931,0.604491043656044,1.47035664586387,"Chinese","RII","LLTI"
"45-59",0.435284494875141,0.14371889834224,0.753964515611216,"Chinese","RII","LLTI"
"60-74",0.440799165066945,0.115363056203916,0.760316886694321,"Chinese","RII","LLTI"
"75",0.225187474211193,-0.170802565322265,0.644252976351191,"Chinese","RII","LLTI"
"0-64",0.547061468778687,0.321687746068749,0.774987547353553,"Chinese","RII","LLTI"
"all",0.398811307868549,0.202303345710772,0.595207417911897,"Chinese","RII","LLTI"
"0-14",0.614004026815349,0.214890190780468,1.05113756048406,"Mixed","RII","LLTI"
"15-29",0.349689924950757,-0.00354847044054279,0.721698020156665,"Mixed","RII","LLTI"
"30-44",1.01981302096983,0.661576983040868,1.37602791180985,"Mixed","RII","LLTI"
"45-59",0.995203886214062,0.628652335318197,1.40269184061167,"Mixed","RII","LLTI"
"60-74",0.516985029606205,0.0667673437491797,0.978330964744306,"Mixed","RII","LLTI"
"75",-0.0352355183202822,-0.681623803425285,0.677861676421958,"Mixed","RII","LLTI"
"0-64",0.796054031336141,0.573826907710754,1.04000849515156,"Mixed","RII","LLTI"
"all",0.535842796835779,0.309110183654487,0.796715900433811,"Mixed","RII","LLTI"
"0-14",0.4441927564877,-0.229686575476983,1.14019887605642,"Other","RII","LLTI"
"15-29",0.590562641549246,0.0843470809533639,1.11904695355977,"Other","RII","LLTI"
"30-44",1.09854627452575,0.716934145287021,1.50478629888184,"Other","RII","LLTI"
"45-59",1.08382748828225,0.727035745868945,1.45471660899759,"Other","RII","LLTI"
"60-74",0.706956883111681,0.198425440622848,1.25472176613036,"Other","RII","LLTI"
"75",-0.31695181756653,-0.947471349476583,0.301983381465076,"Other","RII","LLTI"
"0-64",0.969789659661171,0.738027362837762,1.19892306992523,"Other","RII","LLTI"
"all",0.504882075457115,0.235957416725896,0.771472646775322,"Other","RII","LLTI"
"0-14",18.8385828134145,1.22975788541523,35.9638257539943,"African","SII","LLTI"
"15-29",5.62343817236615,-9.52822311010322,18.8213389151855,"African","SII","LLTI"
"30-44",55.0727723620825,37.2642126753009,73.2061784632359,"African","SII","LLTI"
"45-59",86.4094510465133,22.7978370858572,152.854459865542,"African","SII","LLTI"
"60-74",268.058997192677,94.9300388321316,445.303056631503,"African","SII","LLTI"
"75",217.447968801721,-313.937634721957,759.98376911326,"African","SII","LLTI"
"0-64",61.2473389405341,38.0889609136248,87.6407075969582,"African","SII","LLTI"
"all",99.1784627506572,35.9766886319674,165.3749971029,"African","SII","LLTI"
"0-14",9.37906954629226,-5.80881921581754,25.6652639688095,"Indian","SII","LLTI"
"15-29",-2.05399599896897,-15.1106347056896,11.0808515325661,"Indian","SII","LLTI"
"30-44",14.2248428815429,-3.6930471697555,32.5438253670883,"Indian","SII","LLTI"
"45-59",196.688897321242,142.160157161773,254.988007481436,"Indian","SII","LLTI"
"60-74",201.05142623179,88.3640302537108,314.94587454566,"Indian","SII","LLTI"
"75",109.17654727826,-164.179768876114,385.018742609893,"Indian","SII","LLTI"
"0-64",65.9315909781075,44.6916416120524,86.0089385061425,"Indian","SII","LLTI"
"all",82.5356184757507,49.75013570134,114.300857077684,"Indian","SII","LLTI"
"0-14",18.1058067535568,-0.0930178174627942,37.10664338274,"Other Asian","SII","LLTI"
"15-29",11.1657595852789,-5.08135527854451,26.1129458647542,"Other Asian","SII","LLTI"
"30-44",62.6888578561613,42.2483942773622,83.1591979694807,"Other Asian","SII","LLTI"
"45-59",136.580226125028,88.1520178098072,190.619226057325,"Other Asian","SII","LLTI"
"60-74",199.033798453269,41.0138297494016,359.853574128995,"Other Asian","SII","LLTI"
"75",-15.0588471293486,-375.3623829579,369.685105912276,"Other Asian","SII","LLTI"
"0-64",58.3325930560174,37.8475249114728,78.3985358993569,"Other Asian","SII","LLTI"
"all",75.9885784874273,29.5780274012744,123.806299134381,"Other Asian","SII","LLTI"
"0-14",7.45405280714092,-5.81185745765581,19.3642770469038,"Pakistani","SII","LLTI"
"15-29",13.8731515978179,-1.57295523435572,28.3926467800652,"Pakistani","SII","LLTI"
"30-44",82.4270809185407,58.8542495683275,107.625749469926,"Pakistani","SII","LLTI"
"45-59",217.071037061249,164.14759698792,268.506446399014,"Pakistani","SII","LLTI"
"60-74",131.536974194948,22.4323581773932,237.273668573161,"Pakistani","SII","LLTI"
"75",-120.592474560101,-342.738740146161,87.769601852624,"Pakistani","SII","LLTI"
"0-64",97.9789618339167,77.1208691439747,117.304665882942,"Pakistani","SII","LLTI"
"all",75.6037698829715,46.4655894527929,103.641442904834,"Pakistani","SII","LLTI"
"0-14",10.6925044639426,3.01326518488174,18.3829949055901,"Asian (total)","SII","LLTI"
"15-29",10.7177965485117,4.29979480683533,17.0778956369141,"Asian (total)","SII","LLTI"
"30-44",57.6810008543129,47.4157370177204,68.6168584194144,"Asian (total)","SII","LLTI"
"45-59",168.657486800233,141.017333683679,195.455220114862,"Asian (total)","SII","LLTI"
"60-74",160.208844688692,100.181283445891,218.365268373045,"Asian (total)","SII","LLTI"
"75",16.5544432040101,-112.221696266596,144.650624356658,"Asian (total)","SII","LLTI"
"0-64",73.5239374426106,63.0639970001153,83.825367151055,"Asian (total)","SII","LLTI"
"all",75.6275239957159,58.9184773070278,91.8608972646416,"Asian (total)","SII","LLTI"
"0-14",27.0431926365944,1.82690635927008,50.1980665799243,"White Irish","SII","LLTI"
"15-29",51.2379330236606,36.8407685643068,65.9316448612271,"White Irish","SII","LLTI"
"30-44",150.770275999399,132.120370718684,167.625847497349,"White Irish","SII","LLTI"
"45-59",269.098896091196,242.8541028126,297.663673071934,"White Irish","SII","LLTI"
"60-74",305.102590557152,257.806118913568,350.352063816906,"White Irish","SII","LLTI"
"75",158.253583322702,82.5133247289194,242.437758369476,"White Irish","SII","LLTI"
"0-64",143.327314352042,131.852064480275,154.470421284334,"White Irish","SII","LLTI"
"all",163.625751931384,150.656100934576,177.106417387697,"White Irish","SII","LLTI"
"0-14",53.7152120950228,45.7154094250386,61.8658379328451,"White British","SII","LLTI"
"15-29",55.7116157566779,49.3179081674312,62.7014828834043,"White British","SII","LLTI"
"30-44",154.837562258507,146.873021116654,162.607722004745,"White British","SII","LLTI"
"45-59",221.162847810849,211.26653802614,231.689254402052,"White British","SII","LLTI"
"60-74",266.108138602531,250.780545463935,282.413594692993,"White British","SII","LLTI"
"75",149.449700880269,114.472276881901,183.392472170412,"White British","SII","LLTI"
"0-64",139.902109790564,135.612929525869,144.483122722784,"White British","SII","LLTI"
"all",154.537216087291,149.245546864069,160.021794990105,"White British","SII","LLTI"
"0-14",10.7510998153911,-27.0321882834679,48.4934961282136,"Caribbean","SII","LLTI"
"15-29",51.7654073943491,4.25413005791313,98.6355245197625,"Caribbean","SII","LLTI"
"30-44",97.2429767297878,49.5645784208137,144.869290351654,"Caribbean","SII","LLTI"
"45-59",116.895704694225,21.3700028525911,221.241942880552,"Caribbean","SII","LLTI"
"60-74",37.6327049329162,-191.00900018334,279.809384794883,"Caribbean","SII","LLTI"
"75",190.010941408497,-385.097048496398,736.980814615788,"Caribbean","SII","LLTI"
"0-64",76.0076382197376,40.678759748449,114.659928025911,"Caribbean","SII","LLTI"
"all",85.6732954561985,17.6866891991438,160.174794718947,"Caribbean","SII","LLTI"
"0-14",11.1967001021257,0.355494533518252,21.9075005917832,"Other White","SII","LLTI"
"15-29",17.9202439856306,10.1186284702611,25.0996031159517,"Other White","SII","LLTI"
"30-44",81.6044706949136,71.0428382606775,92.4431499573425,"Other White","SII","LLTI"
"45-59",169.552234068254,146.84762361738,193.811899478571,"Other White","SII","LLTI"
"60-74",276.177267300655,222.385829498905,324.219905084642,"Other White","SII","LLTI"
"75",141.751599834668,26.8882892852896,251.037600357695,"Other White","SII","LLTI"
"0-64",90.4082709689123,81.5430371995002,99.5259918537841,"Other White","SII","LLTI"
"all",113.966265686926,98.2605685075422,128.502516173111,"Other White","SII","LLTI"
"0-14",-3.09289360493803,-16.1674500954552,8.63084759325507,"White Polish","SII","LLTI"
"15-29",-11.2090928263489,-22.9402479639002,0.108062613859728,"White Polish","SII","LLTI"
"30-44",2.09149073925414,-12.4998462781627,17.266025926759,"White Polish","SII","LLTI"
"45-59",54.9133389987452,15.9529137133788,88.5511304993708,"White Polish","SII","LLTI"
"60-74",113.173009481285,-57.5458388440395,286.501272970059,"White Polish","SII","LLTI"
"75",-49.0308588106748,-335.409554909301,224.229482187354,"White Polish","SII","LLTI"
"0-64",21.9718647039817,6.52452683215143,36.9736303512133,"White Polish","SII","LLTI"
"all",10.8252037693651,-29.3717410012554,48.7269879430991,"White Polish","SII","LLTI"
"0-14",42.5226504411856,41.0236968744449,44.2163338804145,"White Scottish","SII","LLTI"
"15-29",54.6021316129796,52.5064445793786,56.6375346876478,"White Scottish","SII","LLTI"
"30-44",172.829395575182,170.334288256272,175.266674255606,"White Scottish","SII","LLTI"
"45-59",284.806337508593,281.828045303032,288.092596255569,"White Scottish","SII","LLTI"
"60-74",339.609127225688,334.587289383091,344.557108379725,"White Scottish","SII","LLTI"
"75",185.36330395349,176.474522647268,194.455748012121,"White Scottish","SII","LLTI"
"0-64",164.372368903799,163.084631711499,165.675186364257,"White Scottish","SII","LLTI"
"all",184.014012098803,182.455710880835,185.596271887675,"White Scottish","SII","LLTI"
"0-14",41.305632955422,39.6805143302913,42.902508892648,"White (total)","SII","LLTI"
"15-29",52.5748981805868,50.8177508500166,54.4081850697175,"White (total)","SII","LLTI"
"30-44",166.363959303644,164.162745061927,168.624913965484,"White (total)","SII","LLTI"
"45-59",278.743232442898,275.706567296036,281.665435190977,"White (total)","SII","LLTI"
"60-74",337.149221142164,332.396788100947,341.849744791858,"White (total)","SII","LLTI"
"75",182.842571901593,173.833662887208,191.532381862703,"White (total)","SII","LLTI"
"0-64",160.27980096718,159.143336830592,161.557720085689,"White (total)","SII","LLTI"
"all",180.438904956689,178.995004629463,181.932691322198,"White (total)","SII","LLTI"
"0-14",14.5287798845172,-3.32586475155292,31.8312522174182,"Chinese","SII","LLTI"
"15-29",15.5494931972221,5.34347439036422,25.0359802990758,"Chinese","SII","LLTI"
"30-44",45.8639179563555,26.9193518539853,64.4687980144249,"Chinese","SII","LLTI"
"45-59",57.3767219218669,14.5150962489177,97.4870140734124,"Chinese","SII","LLTI"
"60-74",146.221522432869,44.6628029075226,255.627074579274,"Chinese","SII","LLTI"
"75",130.345910283253,-102.979577875188,351.572403053412,"Chinese","SII","LLTI"
"0-64",39.3364924585903,23.2002453252474,56.7192812463438,"Chinese","SII","LLTI"
"all",59.8028876845107,30.948544723989,92.096945089852,"Chinese","SII","LLTI"
"0-14",26.4826220541065,8.32976846206536,43.718968958169,"Mixed","SII","LLTI"
"15-29",23.2650088983953,0.111426214429244,46.5300544202346,"Mixed","SII","LLTI"
"30-44",128.32348507888,83.8412738435761,173.141223086138,"Mixed","SII","LLTI"
"45-59",235.344979697653,144.515660763847,327.854868451385,"Mixed","SII","LLTI"
"60-74",232.55146604761,23.3524356145486,448.685987796587,"Mixed","SII","LLTI"
"75",-22.6098454232369,-431.491020246073,432.548638686268,"Mixed","SII","LLTI"
"0-64",113.829704608536,78.4119647195241,147.102622552787,"Mixed","SII","LLTI"
"all",120.451532463523,64.0722434910525,181.841729038866,"Mixed","SII","LLTI"
"0-14",16.6640000021664,-11.1110063574734,42.1428608440814,"Other","SII","LLTI"
"15-29",30.0529104205598,2.97001681956261,55.4776619805807,"Other","SII","LLTI"
"30-44",103.013176329969,69.6212708072468,136.082757956143,"Other","SII","LLTI"
"45-59",218.72490373852,152.850318605898,290.446387307154,"Other","SII","LLTI"
"60-74",290.32896652894,49.7035464251735,509.56127560461,"Other","SII","LLTI"
"75",-212.730514251896,-665.708823531834,206.513129157024,"Other","SII","LLTI"
"0-64",114.731647152089,87.8387265110559,143.513560233647,"Other","SII","LLTI"
"all",102.828814833754,46.5423204922952,154.038666535029,"Other","SII","LLTI"
